ensembl_id	average_group
ENSG00000010610	CD4 [CD4]
ENSG00000153563	CD8 [CD8A]
ENSG00000172116	CD8 [CD8B]
ENSG00000198851	T [CD3E]
ENSG00000167286	T [CD3D]
ENSG00000170458	Mono;Mac [CD14]
ENSG00000090382	Mono;Mac [LYZ]
ENSG00000105369	B [CD79A]
ENSG00000156738	B [MS4A1]
ENSG00000121594	APC [CD80]
ENSG00000114013	APC [CD86]
ENSG00000101017	APC [CD40]
ENSG00000148773	proliferating [MKI67]
ENSG00000131747	proliferating [TOP2A]
ENSG00000093009	proliferating-S [CDC45]
ENSG00000132646	proliferating-S [PCNA]
ENSG00000196074	proliferating-S [SYCP2]
ENSG00000134057	proliferating-M [CCNB1]
ENSG00000157456	proliferating-M [CCNB2]
ENSG00000143878	cytokine-trafficking [RHOB]
ENSG00000110848	activation-early [CD69]
ENSG00000163599	activation;Treg [CTLA4]
ENSG00000134460	activation;Treg [IL2RA]
ENSG00000135679	p53;apoptosis [MDM2]
ENSG00000087088	p53;apoptosis [BAX]
ENSG00000171791	p53;apoptosis [BCL2]
ENSG00000161513	p53;apoptosis [FDXR]
ENSG00000174307	p53;apoptosis [PHLDA3]
ENSG00000141510	p53;apoptosis [TP53]
ENSG00000105327	apoptosis [BBC3]
ENSG00000049768	Treg [FOXP3]
ENSG00000030419	Treg [IKZF2]
ENSG00000107485	Th2 [GATA3]
ENSG00000073861	Th [TBX21]
ENSG00000143365	Th17 [RORC]
ENSG00000122877	activation-early [EGR2]
ENSG00000179388	activation-early [EGR3]
ENSG00000124334	Th2;Th17;Th9 [IL9R]
ENSG00000100453	Cytotoxic [GZMB]
ENSG00000145649	Cytotoxic [GZMA]
ENSG00000105374	Cytotoxic [NKG7]
ENSG00000113088	Th-effector [GZMK]
ENSG00000111537	Th-effector [IFNG]
ENSG00000136634	Th-effector [IL10]
ENSG00000169194	Th2 [IL13]
ENSG00000113520	Th2 [IL4]
ENSG00000113525	Th2 [IL5]
ENSG00000145839	Th9 [IL9]
ENSG00000112115	Th17 [IL17A]
ENSG00000112116	Th17 [IL17F]
ENSG00000168685	Th-resting [IL7R]
ENSG00000169442	Th-resting [CD52]
ENSG00000126353	Quiecence;Tn;Tcm [CCR7]
ENSG00000188404	Quiecence;Tn [SELL]
ENSG00000115267	IFIH1 [IFIH1]
ENSG00000204257	HLA-II [mean]
ENSG00000231389	HLA-II [mean]
ENSG00000196735	HLA-II [mean]
ENSG00000237541	HLA-II [mean]
ENSG00000179344	HLA-II [mean]
ENSG00000204287	HLA-II [mean]
ENSG00000198502	HLA-II [mean]
ENSG00000179583	HLA-II regulation [CIITA]
ENSG00000019582	HLA-II regulation [CD74]
ENSG00000044574	HSP [mean]
ENSG00000109971	HSP [mean]
ENSG00000106211	HSP [mean]
ENSG00000144381	HSP [mean]
ENSG00000115541	HSP [mean]
ENSG00000120694	HSP [mean]
ENSG00000165949	IFI [mean]
ENSG00000216490	IFI [mean]
ENSG00000137965	IFI [mean]
ENSG00000126709	IFI [mean]
ENSG00000185885	IFI [mean]
ENSG00000185201	IFI [mean]
ENSG00000142089	IFI [mean]
ENSG00000108702	CCL [mean]
ENSG00000277632	CCL [mean]
ENSG00000275302	CCL [mean]
ENSG00000271503	CCL [mean]
ENSG00000276070	CCL [mean]
ENSG00000276085	CCL [mean]
ENSG00000169429	CCL [mean]
ENSG00000198899	mitochondria [mean]
ENSG00000228253	mitochondria [mean]
ENSG00000198804	mitochondria [mean]
ENSG00000198712	mitochondria [mean]
ENSG00000198938	mitochondria [mean]
ENSG00000198727	mitochondria [mean]
ENSG00000198888	mitochondria [mean]
ENSG00000198763	mitochondria [mean]
ENSG00000198840	mitochondria [mean]
ENSG00000198886	mitochondria [mean]
ENSG00000212907	mitochondria [mean]
ENSG00000198786	mitochondria [mean]
ENSG00000198695	mitochondria [mean]
ENSG00000124610	HIST [mean]
ENSG00000187837	HIST [mean]
ENSG00000124575	HIST [mean]
ENSG00000168298	HIST [mean]
ENSG00000184357	HIST [mean]
ENSG00000151012	aminoacid [SLC7A11]
ENSG00000135069	aminoacid [PSAT1]
ENSG00000092621	aminoacid [PHGDH]
ENSG00000128272	ER stress [ATF4]
ENSG00000120742	ER stress [SERP1]
ENSG00000196924	cytoskeleton [FLNA]
ENSG00000178209	cytoskeleton [PLEC]
ENSG00000100345	cytoskeleton [MYH9]
ENSG00000150907	quiecence; cellular stress response [FOXO1]
ENSG00000127528	quiecence [KLF2]
ENSG00000170989	quiecence; Tn [S1PR1]
ENSG00000129084	26S proteasome [mean]
ENSG00000106588	26S proteasome [mean]
ENSG00000100567	26S proteasome [mean]
ENSG00000041357	26S proteasome [mean]
ENSG00000143106	26S proteasome [mean]
ENSG00000100902	26S proteasome [mean]
ENSG00000101182	26S proteasome [mean]
ENSG00000008018	26S proteasome [mean]
ENSG00000126067	26S proteasome [mean]
ENSG00000277791	26S proteasome [mean]
ENSG00000159377	26S proteasome [mean]
ENSG00000100804	26S proteasome [mean]
ENSG00000142507	19s proteasome [mean]
ENSG00000100764	19s proteasome [mean]
ENSG00000161057	19s proteasome [mean]
ENSG00000165916	19s proteasome [mean]
ENSG00000013275	19s proteasome [mean]
ENSG00000087191	19s proteasome [mean]
ENSG00000173692	19s proteasome [mean]
ENSG00000175166	19s proteasome [mean]
ENSG00000108344	19s proteasome [mean]
ENSG00000159352	19s proteasome [mean]
ENSG00000099341	19s proteasome [mean]
ENSG00000108671	19s proteasome [mean]
ENSG00000185627	19s proteasome [mean]
ENSG00000115233	19s proteasome [mean]
ENSG00000068878	proteasome regulation [PSME4]
ENSG00000132963	proteasome regulation [POMP]
ENSG00000183527	proteasome regulation [PSMG1]
ENSG00000204264	immunoproteasome [mean]
ENSG00000240065	immunoproteasome [mean]
ENSG00000205220	immunoproteasome [mean]
ENSG00000092010	immunoproteasome [mean]
ENSG00000100911	immunoproteasome [mean]
ENSG00000111640	glycolysis [GAPDH]
ENSG00000141526	glycolysis/lactate [SLC16A3]
ENSG00000134333	glycolysis/lactate [LDHA]
ENSG00000111716	glycolysis/lactate [LDHB]
ENSG00000172115	oxphos [CYCS]
ENSG00000111669	glycolysis [TPI1]
ENSG00000102144	glycolysis [PGK1]
ENSG00000117394	glucose uptake [SLC2A1]
ENSG00000149925	glycolysis [ALDOA]
ENSG00000074800	glycolysis [ENO1]
ENSG00000067225	glycolysis [PKM]
ENSG00000072778	fatty acid oxidation [ACADVL]
